Facility Reference Number,Licence Number,Expiry Date,Licence Type,Licence Holder,Operating Group,Site Common Name,Latitude,Longitude,Licensed Species,Site Specific Conditions
6693,150951,2027-06-18,Recreational Stocking,FFSBC,n/a,Clearwater Trout Hatchery,51.6464,-120.0627,"Rainbow trout (Oncorhynchus mykiss), Kokanee (Oncorhynchus nerka), Lake Trout (Salvelinus namaycush), Eastern Brook Trout (Salvelinus fontinalis)","1. a) Lake Trout shall be held in enclosed, secure growing systems to prevent escapes to natural waters; and, b) Lake Trout shall be held in conditions that clearly separate and prevent access by other aquatic organisms and associated disease agents."
6694,150952,2027-06-18,Recreational Stocking,FFSBC,n/a,Fraser Valley Trout Hatchery,49.01762,-122.27415,"Steelhead Trout (Oncorhynchus mykiss), Rainbow trout (Oncorhynchus mykiss), Kokanee (Oncorhynchus nerka), Rainbow Trout Strains (Oncorhynchus mykiss), Eastern Brook Charr (Salvelinus fontinalis), Eastern Brook Trout (Salvelinus fontinalis), Coastal And Anadromous Cutthroat Trout (Oncorhynchus clarkii clarkii)","1. This licence also applies to the Old Site Fraser Valley Trout Hatchery, Tunkwa Lake Egg Station, and Dragon Lake Egg Station listed in the Facility Management Plan."
6695,150954,2027-06-18,Recreational Stocking,FFSBC,n/a,Kootenay Trout Hatchery,49.4727,-115.4602,"White Sturgeon (Acipenser transmontanus), Rainbow trout (Oncorhynchus mykiss), Burbot (Lota lota), Kokanee (Oncorhynchus nerka), Gerrard Rainbow Trout (Oncorhynchus mykiss), Rainbow Trout Strains (Oncorhynchus mykiss), Eastern Brook Charr (Salvelinus fontinalis), Eastern Brook Trout (Salvelinus fontinalis), Westslope Cutthroat Trout (Oncorhynchus clarkii lewisi)","1. This licence also applies to the Connor Lake, Premier Lake, Meadow Creek, Hill Creek, Norbury Creek, and Lardeau River stations listed in the Facility Management Plan."
6696,150953,2027-06-18,Recreational Stocking,FFSBC,n/a,Vancouver Island Trout Hatchery,48.77473,-123.68623,"Steelhead Trout (Oncorhynchus mykiss), Rainbow trout (Oncorhynchus mykiss), Kokanee (Oncorhynchus nerka), Rainbow Trout Strains (Oncorhynchus mykiss), Lake Trout (Salvelinus namaycush), Eastern Brook Charr (Salvelinus fontinalis), Eastern Brook Trout (Salvelinus fontinalis), Coastal And Anadromous Cutthroat Trout (Oncorhynchus clarkii clarkii)",1. This licence also applies to the Old Vancouver Island Trout Hatchery listed in the Facility Management Plan.
6697,150955,2027-06-18,Recreational Stocking,FFSBC,n/a,Summerland Trout Hatchery,49.6026,-119.6532,"Rainbow trout (Oncorhynchus mykiss), Kokanee (Oncorhynchus nerka), Rainbow Trout Strains (Oncorhynchus mykiss), Eastern Brook Charr (Salvelinus fontinalis), Eastern Brook Trout (Salvelinus fontinalis)","1. This licence also applies to the Skaha Trout Facility, Pennask Egg Collection Station, Swalwell Lake Egg Collection Site, and Aylmer Lake Egg Collection Station listed in the Facility Management Plan."
6873,150950,2027-06-18,Recreational Stocking,FFSBC,n/a,Nechako White Sturgeon Conservation Centre,54.02338,-124.00903,"White Sturgeon (Acipenser transmontanus), Rainbow trout (Oncorhynchus mykiss)",n/a
7313,150970,2027-06-18,Recreational Stocking,Okanagan Nation Aquatic Enterprises Ltd.,n/a,Lot 49-1,49.47767,-119.60825,"Chinook salmon (Oncorhynchus tshawytscha), Sockeye salmon (Oncorhynchus nerka)","1. By January 15, the licence holder must submit to the Department, all revisions to the facility-specific proprietary HMSOPs referenced in the fish health management plan (Attachment I), with modified sections identified, or inform the Department if no changes to HMSOPs. 2. By September 15, 2024, the licence holder must provide evidence (site drawings and/or plans and written SOP) that they have implemented the following mitigation measures to enable the isolation of fish populations to control disease spread in the event of an Infectious Hematopoietic Necrosis virus (IHNv) outbreak. Specifically this means a) water systems must be independent by species; b) effluent can be contained to prevent disease from spreading outside the facility to impact wild fish populations in the event of an outbreak; and c) physical infrastructure barriers, strong biosecurity protocols, and associated staff training are put into place to address these concerns. 3. The licence holder must retain a copy of the facility-specific proprietary HMSOPs at the facility to be made available for review by a fishery officer or fishery guardian upon request. 4. The licence holder shall only release salmon cultured at this facility into the following locations: Penticton Canal (Shingle Creek); the Okanagan River below (south) of Okanagan Falls Dam; and/or Osoyoos Lake. Any release above (north) of the Okanagan Lake Dam / Penticton Dam is not permitted under this licence. 5. The licence holder shall maintain an annual program to assess potential impacts of hatchery-origin fish on wild-origin sockeye salmon and kokanee within freshwater habitats serving as receiving and rearing areas. 6. All releases of S1 salmon from this facility must receive a separate authorization by the BC Introductions and Transfers Committee. S1 salmon is defined as salmon smolts that are physiologically adapted for transition from freshwater to seawater in the spring after one summer spent in freshwater. 7. All other releases of salmon stocks not referenced in site specific condition 6 may be released in accordance with the conditions of licence (Section 6. Release of Fish) provided that; in the past 90 days, there has not been any suspected or active disease occurrence within the facility that required veterinary intervention."
8911,151273,2027-06-30,SEP Major Facility,"Watershed Enhancement Manager, Big Qualicum, Little Qualicum, and Rosewall Salmon Hatcheries",n/a,Big Qualicum River Salmon Hatchery,49.38195,-124.64393,Coho salmon (Oncorhynchus kisutch),n/a
8912,151266,2027-06-30,SEP Major Facility,"Watershed Enhancement Manager, Capilano River Salmon Hatchery",n/a,Capilano River Salmon Hatchery,49.35983,-123.11132,Pink Salmon (Oncorhynchus gorbuscha),"1. Sandy Cove Seapen: 49.3408, -123.2331"
8914,151261,2027-06-30,SEP Major Facility,"Watershed Enhancement Manager, Chehalis River Salmon Hatchery",n/a,Chehalis River Salmon Hatchery,49.29729,-121.93537,Pink Salmon (Oncorhynchus gorbuscha),n/a
8915,151260,2027-06-30,SEP Major Facility,"Watershed Enhancement Manager, Chilliwack River Salmon Hatchery",n/a,Chilliwack River Salmon Hatchery,49.07935,-121.69218,Pink Salmon (Oncorhynchus gorbuscha),n/a
8918,151259,2027-06-30,SEP Major Facility,"Watershed Enhancement Manager, Conuma River Salmon Hatchery",n/a,Conuma River Salmon Hatchery,49.79979,-126.42148,Coho salmon (Oncorhynchus kisutch),"1. Tlupana Estuary Seapen: 49.7567, -126.4031 2. Sucwoa Estuary Seapen: 49.8000, -126.4900 3. Gold Estuary Seapen: 49.6688, -126.1878 4. Conuma Estuary Seapen: 49.7889, -126.4572 5. Burman Estuary Seapen: 49.6780, -126.1300"
8922,151258,2027-06-30,SEP Major Facility,"Watershed Enhancement Manager, Inch Creek Salmon Hatchery",n/a,Inch Creek Salmon Hatchery,49.17545,-122.16026,Coho salmon (Oncorhynchus kisutch),n/a
8923,151257,2027-06-30,SEP Major Facility,"Watershed Enhancement Manager, Inch Creek Sockeye Salmon Hatchery",n/a,Weaver Creek,49.17545,-122.16026,n/a,n/a
8924,151256,2027-06-30,SEP Major Facility,"Watershed Enhancement Manager, Kitimat River Salmon Hatchery",n/a,Kitimat River Salmon Hatchery,54.03982,-128.6817,Coho salmon (Oncorhynchus kisutch),n/a
8925,151274,2027-06-30,SEP Major Facility,"Watershed Enhancement Manager, Big Qualicum, Little Qualicum, and Rosewall Salmon Hatcheries",n/a,Little Qualicum River Salmon Hatchery,49.34981,-124.5114,Chum Salmon (Oncorhynchus keta),n/a
8927,151255,2027-06-30,SEP Major Facility,"Watershed Enhancement Manager, Nitinat River Salmon Hatchery",n/a,Nitinat River Salmon Hatchery,48.8598,-124.66138,Coho salmon (Oncorhynchus kisutch),"1. Sooke Harbour Seapen: 48.3733, -123.7136"
8930,151254,2027-06-30,SEP Major Facility,"Watershed Enhancement Manager, Puntledge River Salmon Hatchery",n/a,Puntledge River Salmon Hatchery,49.68178,-125.03897,Pink Salmon (Oncorhynchus gorbuscha),"1. Comox Bay Seapen: 49.6638, -124.921"
8932,151253,2027-06-30,SEP Major Facility,"Watershed Enhancement Manager, Quinsam River Salmon Hatchery",n/a,Quinsam River Salmon Hatchery,50.0194,-125.3026,Pink Salmon (Oncorhynchus gorbuscha),"1. Discovery Passage Seapen: 50.0000, -125.2000"
8935,151292,2027-06-30,SEP Major Facility,"Watershed Enhancement Manager, Robertson Creek Salmon Hatchery",n/a,Robertson Creek Salmon Hatchery,49.33981,-124.98142,Coho salmon (Oncorhynchus kisutch),"1. Nahmint Estuary Seapen: 49.0581, -124.8735 2. Alberni Inlet Seapen: 49.2068, -124.8209"
8936,151313,2027-06-30,SEP Major Facility,"Watershed Enhancement Manager, Spius & Shuswap River Salmon Hatcheries",n/a,Shuswap River Salmon Hatchery,50.30058,-118.81771,n/a,n/a
8938,151251,2027-06-30,SEP Major Facility,"Watershed Enhancement Manager, Snootli Creek Salmon Hatchery",n/a,Snootli Creek Salmon Hatchery,52.3771,-126.60798,n/a,"1. Wannock Estuary Seapen: 52.3771, -126.60798 2. Rivers Inlet Seapen: 51.6817, -127.2772"
8940,151312,2027-06-30,SEP Major Facility,"Watershed Enhancement Manager, Spius & Shuswap River Salmon Hatcheries",n/a,Spius Creek Salmon Hatchery,50.1414,-121.02513,Coho salmon (Oncorhynchus kisutch),n/a
8943,151290,2027-06-30,SEP Major Facility,"Watershed Enhancement Manager, Tenderfoot Creek Salmon Hatchery",n/a,Tenderfoot Creek Salmon Hatchery,49.82985,-123.15134,Pink Salmon (Oncorhynchus gorbuscha),"1. Squamish Estuary Seapen: 2. Porteau Cove Seapen: 49.548608, -123.239545"
8987,151080,2027-06-30,SEP Community Involvement,"Community Advisor, Lower Vancouver Is, S Gulf Islands and Cowichan R Watershed",4Mile Creek Enhancement Society,4 Mile Creek Hatchery Project,48.59,-124.328,Coho salmon (Oncorhynchus kisutch),n/a
8988,151079,2027-06-30,SEP Community Involvement,"Community Advisor, Lower Vancouver Is, S Gulf Islands and Cowichan R Watershed",4Mile Creek Enhancement Society,San Juan River Seapen Project,48.55,-124.4,Chinook salmon (Oncorhynchus tshawytscha),n/a
8989,151081,2027-06-30,SEP Community Involvement,"Community Advisor, N Vancouver Island; Mainland, Knight Inlet to Cape Caution",Sayward Fish & Game Club,Sayward Project,50.23,-125.75,Chinook salmon (Oncorhynchus tshawytscha),n/a
8990,151078,2027-06-30,SEP Community Involvement,"Community Advisor, N Vancouver Island; Mainland, Knight Inlet to Cape Caution",Mainland Enhancement Salmonid Species Society,Scott Cove Creek Project,50.76547,-126.45509,Chum Salmon (Oncorhynchus keta),n/a
8991,151077,2027-06-30,SEP Community Involvement,"Community Advisor, Mission/Abbotsford to past Hope; S Side Fraser to Abbotsford",Serpentine Enhancement Society,Serpentine River Project,49.18683,-122.77731,Coho salmon (Oncorhynchus kisutch),n/a
8992,151076,2027-06-30,SEP Community Involvement,"Community Advisor, Burrard Inlet, Indian Arm, Vancouver",Seymour Salmonid Society,Seymour River Project,49.43983,-122.96132,Pink Salmon (Oncorhynchus gorbuscha),n/a
8993,151075,2027-06-30,SEP Community Involvement,"Community Advisor, Lower Vancouver Is, S Gulf Islands and Cowichan R Watershed",Shawnigan Lake School,Shawnigan Lake School - Mark Hobson Hatchery,48.65,-123.617,Coho salmon (Oncorhynchus kisutch),n/a
8994,151074,2027-06-30,SEP Community Involvement,"Community Advisor, Smithers and Northwestern BC",Skeena Meadows Wildlife Preserve,Skeena Meadows Hatchery,55.18499,-127.74055,Coho salmon (Oncorhynchus kisutch),n/a
8995,151073,2027-06-30,SEP Community Involvement,"Community Advisor, Sunshine Coast and Howe Snd, Port Mellon to Desolation Snd",Tla'amin Salmon Hatchery,Sliammon River Project,49.89983,-124.60142,Coho salmon (Oncorhynchus kisutch),n/a
8996,151751,2027-06-30,SEP Community Involvement,"Community Advisor, Lower Vancouver Is, S Gulf Islands and Cowichan R Watershed",Sooke Salmon Enhancement Society,Sooke River - Jack Brooks Hatchery,48.4145,-123.7078,Coho salmon (Oncorhynchus kisutch),n/a
8997,151071,2027-06-30,SEP Community Involvement,"Community Advisor, Central W Cst of Vancouver Is: E to Nanaimo, S to Chemainus",Sproat Lake Enhancement (AVEA),Sproat Lake Project,49.26,-125.02,Coho salmon (Oncorhynchus kisutch),n/a
8998,151070,2027-06-30,SEP Community Involvement,"Community Advisor, Central Interior: North of 100 Mile House, and NE B.C.",Spruce City Wildlife Association,Spruce City,53.91893,-122.72749,n/a,n/a
8999,151069,2027-06-30,SEP Community Involvement,"Community Advisor, E Coast Vancouver Is: Parksville to Oyster R, Gold R, Tahsis",Tahsis Salmon Enhancement Society,Tahsis Hatchery,49.9298,-126.6515,n/a,n/a
9000,151068,2027-06-30,SEP Community Involvement,"Senior Restoration Biologist, Yukon",B. Mercer & Associates,Tatsamenie Lake Project,58.37974,-132.3318,Sockeye salmon (Oncorhynchus nerka),n/a
9001,151067,2027-06-30,SEP Community Involvement,"Community Advisor, West Vancouver and Howe Sound",Bowen Island Fish and Wildlife Club,Terminal Creek Project,49.38982,-123.35133,Pink Salmon (Oncorhynchus gorbuscha),n/a
9002,151066,2027-06-30,SEP Community Involvement,"Community Advisor, Central Interior: Boston Bar to 100 Mile House",Simpcw First Nation,Thompson River North Project,51.45594,-120.14369,Coho salmon (Oncorhynchus kisutch),n/a
9003,151065,2027-06-30,SEP Community Involvement,"Community Advisor, Central W Cst of Vancouver Is: E to Nanaimo, S to Chemainus",Thornton Creek Enhancement Society,Thornton Creek Project,48.9698,-125.55142,Coho salmon (Oncorhynchus kisutch),n/a
9004,151064,2027-06-30,SEP Community Involvement,"Community Advisor, Smithers and Northwestern BC",Toboggan Creek Enhancement Society,Toboggan Creek Project,54.92996,-127.29882,Coho salmon (Oncorhynchus kisutch),n/a
9005,151063,2027-06-30,SEP Community Involvement,"Community Advisor, Smithers and Northwestern BC",A Rocha Canada,A Rocha Project,54.39611,-126.65444,Coho salmon (Oncorhynchus kisutch),n/a
9006,151062,2027-06-30,SEP Community Involvement,"Community Advisor, Central W Cst of Vancouver Is: E to Nanaimo, S to Chemainus",Alberni Valley Enhancement Association,Alberni Project,49.284,-124.8012,Coho salmon (Oncorhynchus kisutch),n/a
9007,151061,2027-06-30,SEP Community Involvement,"Community Advisor, Haida Gwaii (SEPCAA)",Sandspit Salmon Enhancement Society,Alliford Bay Project,53.22674,-131.93107,Coho salmon (Oncorhynchus kisutch),n/a
9008,151060,2027-06-30,SEP Community Involvement,"Community Advisor, North Side Fraser River, Burnaby to Mission",ALLCO Hatchery c/o Fraser Regional Corrections Centre,Alouette River Project,49.24234,-122.5342,Coho salmon (Oncorhynchus kisutch),n/a
9009,151059,2027-06-30,SEP Community Involvement,"Community Advisor, N Vancouver Island; Mainland, Knight Inlet to Cape Caution",Bear Creek Salmonid Enhancement Group,Bear (Mills) Creek Project,50.58333,-127.11666,Coho salmon (Oncorhynchus kisutch),n/a
9010,151058,2027-06-30,SEP Community Involvement,"Community Advisor, North Side Fraser River, Burnaby to Mission",Sapperton Fish & Game Club,Brunette River Project,49.22792,-122.88319,Coho salmon (Oncorhynchus kisutch),n/a
9011,151057,2027-06-30,SEP Community Involvement,"Community Advisor, Sunshine Coast and Howe Snd, Port Mellon to Desolation Snd",Sunshine Coast Salmonid Enhancement Society,Chapman Creek Project,49.44983,-123.72137,Pink Salmon (Oncorhynchus gorbuscha),n/a
9012,151056,2027-06-30,SEP Community Involvement,"Community Advisor, West Vancouver and Howe Sound",North Vancouver School District,Cheakamus Centre,49.81984,-123.15134,n/a,n/a
9013,151055,2027-06-30,SEP Community Involvement,"Community Advisor, Mission/Abbotsford to past Hope; S Side Fraser to Abbotsford",Skowkale First Nation,Chilliwack Project,49.15312,-121.95501,n/a,n/a
9014,151054,2027-06-30,SEP Community Involvement,"Community Advisor, Central W Cst of Vancouver Is: E to Nanaimo, S to Chemainus",Tla-o-qui-aht First Nation,Clayoquot Project,49.11981,-125.65144,Chinook salmon (Oncorhynchus tshawytscha),n/a
9015,151053,2027-06-30,SEP Community Involvement,"Community Advisor, E Coast Vancouver Is: Parksville to Oyster R, Gold R, Tahsis",Courtenay & District Fish & Game Protective Association,Courtenay (Trent River) Project,49.63982,-124.95142,n/a,n/a
9016,151052,2027-06-30,SEP Community Involvement,"Community Advisor, Lower Vancouver Is, S Gulf Islands and Cowichan R Watershed",Cowichan Lake Salmonid Enhancement Society,Cowichan Lake Project,48.818,-124.057,Coho salmon (Oncorhynchus kisutch),n/a
9017,151051,2027-06-30,SEP Community Involvement,"Community Advisor, Lower Vancouver Is, S Gulf Islands and Cowichan R Watershed",Cowichan Tribes,Cowichan River Project,48.76981,-123.66133,Chinook salmon (Oncorhynchus tshawytscha),n/a
9018,151050,2027-06-30,SEP Community Involvement,"Community Advisor, Central Interior: Boston Bar to 100 Mile House",Skeetchestn Indian Band,Deadman R,50.84251,-120.95529,n/a,n/a
9019,151049,2027-06-30,SEP Community Involvement,"Community Advisor, Northern Interior and North Coast",Northwest Watershed Enhancement Society,Eby Street Project,54.54551,-128.60476,Coho salmon (Oncorhynchus kisutch),n/a
9020,151048,2027-06-30,SEP Community Involvement,"Community Advisor, Central Coast: Cape Caution to Caamano Sd, E to Tatla Lake",Heiltsuk Band Council,Emily Lake Project,52.3833,-128.0167,Sockeye salmon (Oncorhynchus nerka),n/a
9021,151047,2027-06-30,SEP Community Involvement,"Community Advisor, E Coast Vancouver Is: Parksville to Oyster R, Gold R, Tahsis",Community Fisheries Development Centre,Englishman River Hatchery,49.28,-125.05,n/a,n/a
9022,151046,2027-06-30,SEP Community Involvement,"Community Advisor, E Coast Vancouver Is: Parksville to Oyster R, Gold R, Tahsis",Fanny Bay Salmonid Enhancement Society,Fanny Bay Hatchery /GSVI,49.44182,-124.8504,n/a,n/a
9024,151082,2027-06-30,SEP Community Involvement,"Community Advisor, N Vancouver Island; Mainland, Knight Inlet to Cape Caution",Gillard Pass Fisheries Association,Gillard Pass Project,50.38776,-125.17983,Coho salmon (Oncorhynchus kisutch),n/a
9025,151045,2027-06-30,SEP Community Involvement,"Community Advisor, Lower Vancouver Is, S Gulf Islands and Cowichan R Watershed",Goldstream Volunteer Salmon Enhancement Association,Goldstream River - Howard English Hatchery,48.45981,-123.55131,Coho salmon (Oncorhynchus kisutch),n/a
9026,151044,2027-06-30,SEP Community Involvement,"Community Advisor, N Vancouver Island; Mainland, Knight Inlet to Cape Caution",Namgis First Nation,Gwa'ni Project,50.55982,-127.00155,Chum Salmon (Oncorhynchus keta),n/a
9027,151043,2027-06-30,SEP Community Involvement,"Community Advisor, Northern Interior and North Coast",Hartley Bay Village Council,Hartley Bay Creek Project,53.42978,-129.25171,Coho salmon (Oncorhynchus kisutch),n/a
9028,151042,2027-06-30,SEP Community Involvement,"Community Advisor, N Vancouver Island; Mainland, Knight Inlet to Cape Caution",Western Forest Products,Holberg-Cordy Creek Project,50.65981,-128.0116,Coho salmon (Oncorhynchus kisutch),n/a
9030,151041,2027-06-30,SEP Community Involvement,"Community Advisor, North Side Fraser River, Burnaby to Mission",Hoy/Scott Creek Watershed Society,Hoy Creek Project,49.28218,-122.80304,Coho salmon (Oncorhynchus kisutch),n/a
9032,151040,2027-06-30,SEP Community Involvement,"Community Advisor, N Vancouver Island; Mainland, Knight Inlet to Cape Caution",Port McNeill Chinook Club,Hyde Creek (JNST) Project,50.52279,-126.87893,Coho salmon (Oncorhynchus kisutch),n/a
9033,151039,2027-06-30,SEP Community Involvement,"Community Advisor, North Side Fraser River, Burnaby to Mission",Hyde Creek Watershed Society,Hyde Creek (LWFR) Project,49.27853,-122.75974,Coho salmon (Oncorhynchus kisutch),n/a
9034,151038,2027-06-30,SEP Community Involvement,"Community Advisor, Lower Vancouver Is, S Gulf Islands and Cowichan R Watershed",Juan de Fuca Salmon Restoration Society,Juan de Fuca Project,48.41444,-123.70639,Coho salmon (Oncorhynchus kisutch),n/a
9035,151037,2027-06-30,SEP Community Involvement,"Community Advisor, North Side Fraser River, Burnaby to Mission",Bell-Irving Hatchery at Kanaka Creek,Kanaka Creek Project,49.21209,-122.50839,Pink Salmon (Oncorhynchus gorbuscha),n/a
9036,151036,2027-06-30,SEP Community Involvement,"Community Advisor, Central Interior: Boston Bar to 100 Mile House",Kingfisher Interpretive Centre Society,Kingfisher Creek Project,50.60991,-118.74115,Chinook salmon (Oncorhynchus tshawytscha),n/a
9037,151035,2027-06-30,SEP Community Involvement,"Community Advisor, Central Coast: Cape Caution to Caamano Sd, E to Tatla Lake",Kitasoo First Nations,Kitasoo Creek Project,52.591667,-128.523889,Coho salmon (Oncorhynchus kisutch),n/a
9038,151034,2027-06-30,SEP Community Involvement,"Stock Assessment Biologist, Stock Assessment Division, Science Branch",Terrace Salmonid Enhancement Society,Kitsumkalum Chinook Project,54.56888,-128.65497,n/a,n/a
9039,151083,2027-06-30,SEP Community Involvement,"Community Advisor, N Vancouver Island; Mainland, Knight Inlet to Cape Caution",Klahoose First Nation,Klahoose Band Project,50.12167,-124.93667,Coho salmon (Oncorhynchus kisutch),n/a
9040,151084,2027-06-30,SEP Community Involvement,"Community Advisor, N Vancouver Island; Mainland, Knight Inlet to Cape Caution",Knight Inlet Grizzly Tour Ltd,Knight Inlet Lodge Project,50.676819,-125.726086,Coho salmon (Oncorhynchus kisutch),n/a
9041,151033,2027-06-30,SEP Community Involvement,"Community Advisor, N Vancouver Island; Mainland, Knight Inlet to Cape Caution",Port McNeill Chinook Club,Kokish River Project,50.52279,-126.87893,Pink Salmon (Oncorhynchus gorbuscha),n/a
9042,151032,2027-06-30,SEP Community Involvement,"Community Advisor, E Coast Vancouver Is: Parksville to Oyster R, Gold R, Tahsis",Lasqueti Island Fisheries and Forestry Society,Lasqueti Island Project,49.46657,-124.28637,Coho salmon (Oncorhynchus kisutch),n/a
9043,151031,2027-06-30,SEP Community Involvement,"Community Advisor, Mission/Abbotsford to past Hope; S Side Fraser to Abbotsford",Semiahmoo Fish & Game Club,Little Campbell River Project,49.02983,-122.7113,Coho salmon (Oncorhynchus kisutch),n/a
9044,151030,2027-06-30,SEP Community Involvement,"Community Advisor, E Coast Vancouver Is: Parksville to Oyster R, Gold R, Tahsis",Little River Enhancement Society,Little River Hatchery,49.71982,-124.95142,n/a,n/a
9046,151028,2027-06-30,SEP Community Involvement,"Community Advisor, Burrard Inlet, Indian Arm, Vancouver",North Shore Fish & Game Club,Mackay Creek Project,49.34049,-123.10649,Pink Salmon (Oncorhynchus gorbuscha),n/a
9047,151029,2027-06-30,SEP Community Involvement,"Community Advisor, E Coast Vancouver Is: Parksville to Oyster R, Gold R, Tahsis",Parksville-Qualicum Fish & Game Association,Marion Baker (French Creek) Hatchery,49.34327,-124.37605,Coho salmon (Oncorhynchus kisutch),n/a
9048,151027,2027-06-30,SEP Community Involvement,"Community Advisor, Haida Gwaii (SEPCAA)",Old Massett Village Council,Yakoun River Hatchery Program,53.49618,-132.3247,Coho salmon (Oncorhynchus kisutch),n/a
9049,151026,2027-06-30,SEP Community Involvement,"Community Advisor, Central Coast: Cape Caution to Caamano Sd, E to Tatla Lake",Heiltsuk First Nation,McLoughlin Creek Project,52.13824,-128.15156,n/a,n/a
9050,151085,2027-06-30,SEP Community Involvement,"Community Advisor, N Vancouver Island; Mainland, Knight Inlet to Cape Caution",Campbell River Guide Association,Menzies Creek Project,50.14983,-125.42145,Chum Salmon (Oncorhynchus keta),n/a
9052,151025,2027-06-30,SEP Community Involvement,"Community Advisor, Burrard Inlet, Indian Arm, Vancouver",Morten Creek Salmon Enhancement Project,Morten Creek Project,49.32447,-123.02653,Coho salmon (Oncorhynchus kisutch),n/a
9053,151024,2027-06-30,SEP Community Involvement,"Community Advisor, Burrard Inlet, Indian Arm, Vancouver",Burrard Inlet Marine Enhancement Society,Mossom Creek Project,49.29983,-122.87132,Pink Salmon (Oncorhynchus gorbuscha),n/a
9054,151023,2027-06-30,SEP Community Involvement,"Community Advisor, Central W Cst of Vancouver Is: E to Nanaimo, S to Chemainus",Nanaimo River Stewardship Society,Nanaimo River Project,49.07389,-123.87419,Pink Salmon (Oncorhynchus gorbuscha),n/a
9055,151008,2027-06-30,SEP Community Involvement,"Community Advisor, West Vancouver and Howe Sound",West Vancouver Streamkeepers,Nelson Creek Project,49.36484,-123.25856,Coho salmon (Oncorhynchus kisutch),n/a
9056,151007,2027-06-30,SEP Community Involvement,"Community Advisor, Mission/Abbotsford to past Hope; S Side Fraser to Abbotsford",Nickomekl Enhancement Society,Nicomekl River Project,49.0889,-122.64315,Pink Salmon (Oncorhynchus gorbuscha),n/a
9057,151006,2027-06-30,SEP Community Involvement,"Community Advisor, E Coast Vancouver Is: Parksville to Oyster R, Gold R, Tahsis",Nile Creek Enhancement Society,Nile Creek Hatchery,49.40181,-124.7094,n/a,n/a
9058,151005,2027-06-30,SEP Community Involvement,"Community Advisor, Burrard Inlet, Indian Arm, Vancouver",Port Moody Ecological Society,Noons Creek Project,49.28583,-122.83131,Coho salmon (Oncorhynchus kisutch),n/a
9059,151004,2027-06-30,SEP Community Involvement,"Community Advisor, Haida Gwaii (SEPCAA)",Hecate Strait Streamkeepers Society,Bearskin Bay Hatchery,53.25574,-132.05731,Coho salmon (Oncorhynchus kisutch),n/a
9060,151003,2027-06-30,SEP Community Involvement,"Community Advisor, Northern Interior and North Coast",Prince Rupert Salmonid Enhancement Society,Oldfield Creek Project,54.3087,-130.31136,Coho salmon (Oncorhynchus kisutch),n/a
9061,151002,2027-06-30,SEP Community Involvement,"Community Advisor, Northern Interior and North Coast",Oona River Resource Association,Oona River Project,53.95635,-130.2794444,Coho salmon (Oncorhynchus kisutch),n/a
9062,151001,2027-06-30,SEP Community Involvement,"Community Advisor, E Coast Vancouver Is: Parksville to Oyster R, Gold R, Tahsis",Oyster River Enhancement Society,Oyster River Hatchery,49.86982,-125.16144,n/a,n/a
9063,151000,2027-06-30,SEP Community Involvement,"Community Advisor, North Side Fraser River, Burnaby to Mission",Port Coquitlam & District Hunting & Fishing Club - Grist Memorial Hatchery,Poco Hatchery Project,49.33901,-122.77128,Coho salmon (Oncorhynchus kisutch),n/a
9064,150999,2027-06-30,SEP Community Involvement,"Community Advisor, N Vancouver Island; Mainland, Knight Inlet to Cape Caution",Friends of the Marble River,Port Hardy (Marble) Project,50.52981,-127.43156,Coho salmon (Oncorhynchus kisutch),n/a
9065,150998,2027-06-30,SEP Community Involvement,"Community Advisor, N Vancouver Island; Mainland, Knight Inlet to Cape Caution",Northern Vancouver Island Salmonid Enhancement Association,Port Hardy (Quatse) Project,50.6894,-127.483,Pink Salmon (Oncorhynchus gorbuscha),n/a
9066,150997,2027-06-30,SEP Community Involvement,"Community Advisor, Sunshine Coast and Howe Snd, Port Mellon to Desolation Snd",Powell River Salmon Society,Powell River Project,49.85,-124.53,Coho salmon (Oncorhynchus kisutch),n/a
9067,150996,2027-06-30,SEP Community Involvement,"Community Advisor, Central Interior: North of 100 Mile House, and NE B.C.","University of Northern British Columbia, Quesnel River Research Centre",Quesnel River Research Centre Project,52.61744,-121.58193,Coho salmon (Oncorhynchus kisutch),n/a
9068,150995,2027-06-30,SEP Community Involvement,"Community Advisor, Mission/Abbotsford to past Hope; S Side Fraser to Abbotsford",Abbotsford Ravine Park Salmon Enhancement Society,Ravine Park Project,49.04527,-122.29834,Coho salmon (Oncorhynchus kisutch),n/a
9069,150994,2027-06-30,SEP Community Involvement,"Community Advisor, Burrard Inlet, Indian Arm, Vancouver",Burrard Inlet Marine Enhancement Society,Reed Point/Ioco Project,49.28983,-122.87131,Coho salmon (Oncorhynchus kisutch),n/a
9071,150993,2027-06-30,SEP Community Involvement,"Community Advisor, North Side Fraser River, Burnaby to Mission",River Springs Salmon Enhancement Project,River Springs Project,49.28953,-122.77129,Coho salmon (Oncorhynchus kisutch),n/a
9072,150992,2027-06-30,SEP Community Involvement,"Community Advisor, Central Coast: Cape Caution to Caamano Sd, E to Tatla Lake",Wuikinuxv Fisheries,Rivers Inlet Project,51.011145,-127.004542,Chum Salmon (Oncorhynchus keta),n/a
9073,150991,2027-06-30,SEP Community Involvement,"Community Advisor, E Coast Vancouver Is: Parksville to Oyster R, Gold R, Tahsis",Roy Creek Salmonid Enhancement,Roy Creek Hatchery,49.65504,-124.98923,n/a,n/a
9074,150990,2027-06-30,SEP Community Involvement,"Community Advisor, Lower Vancouver Is, S Gulf Islands and Cowichan R Watershed",Tsawout First Nation and Sidney Anglers,Saanich Seapens Project,48.599019,-123.388394,Coho salmon (Oncorhynchus kisutch),n/a
9075,151072,2027-06-30,SEP Community Involvement,"Community Advisor, Haida Gwaii (SEPCAA)",Haida Gwaii Salmon Unlimited Society,Salmon Unlimited Society Project,53.93975,-132.11659,Coho salmon (Oncorhynchus kisutch),n/a
9076,151014,2027-06-30,SEP Community Involvement,"Community Advisor, Lower Vancouver Is, S Gulf Islands and Cowichan R Watershed",Island Streams,Saltspring Island / Cusheon Creek Hatchery,48.8097,-123.4542,Coho salmon (Oncorhynchus kisutch),n/a
9077,151013,2027-06-30,SEP Community Involvement,"Community Advisor, Central W Cst of Vancouver Is: E to Nanaimo, S to Chemainus",Tofino Salmon Enhancement Society,Tofino Project,49.114,-125.874,Coho salmon (Oncorhynchus kisutch),n/a
9078,151012,2027-06-30,SEP Community Involvement,"Community Advisor, E Coast Vancouver Is: Parksville to Oyster R, Gold R, Tahsis",Tsolum River Restoration Society,Tsolum River Hatchery,49.61508,-125.1232,n/a,n/a
9080,151011,2027-06-30,SEP Community Involvement,"Community Advisor, Central Coast: Cape Caution to Caamano Sd, E to Tatla Lake",Kitasoo First Nations,Victor Creek Project,52.549,-128.499,Sockeye salmon (Oncorhynchus nerka),n/a
9081,151010,2027-06-30,SEP Community Involvement,"Community Advisor, Central W Cst of Vancouver Is: E to Nanaimo, S to Chemainus",Ladysmith Sportsmen Club - Salmon Enhancement Project,Walker Creek (GSVI) Project,49.01139,-123.8778,Coho salmon (Oncorhynchus kisutch),n/a
9082,151009,2027-06-30,SEP Community Involvement,"Community Advisor, Burrard Inlet, Indian Arm, Vancouver",Fortis BC,Westridge Terminal Project,49.28868,-122.96218,Coho salmon (Oncorhynchus kisutch),n/a
9083,151015,2027-06-30,SEP Community Involvement,"Community Advisor, N Vancouver Island; Mainland, Knight Inlet to Cape Caution",Nimpkish Valley Rod and Gun Club,Woss Community Project,50.21336,-126.60483,Coho salmon (Oncorhynchus kisutch),n/a
9084,151086,2027-06-30,SEP Community Involvement,"Community Advisor, N Vancouver Island; Mainland, Knight Inlet to Cape Caution",Ehattesaht First Nation/Zeballos Elementary Secondary School Salmon Enhancement Partnership,Zeballos River Project,49.98943,-126.85755,Chum Salmon (Oncorhynchus keta),n/a
9085,151020,2027-06-30,SEP Community Involvement,"Community Advisor, E Coast Vancouver Is: Parksville to Oyster R, Gold R, Tahsis",Nootka Sound Watershed Society,Nootka Sound Project,49.615,-126.057222,Pink Salmon (Oncorhynchus gorbuscha),n/a
9088,151272,2027-06-30,SEP Major Facility,"Watershed Enhancement Manager, Big Qualicum, Little Qualicum, and Rosewall Salmon Hatcheries",n/a,Rosewall Salmon Hatchery,49.44182,-124.8504,Sockeye salmon (Oncorhynchus nerka),"1. Nahmint Estuary Seapen: 49.0581, -124.8735"
9109,151087,2027-06-30,SEP Community Involvement,"Community Advisor, N Vancouver Island; Mainland, Knight Inlet to Cape Caution",Campbell River Fish & Wildlife Association,Mohun Creek Project,50.1123,-125.3735,Pink Salmon (Oncorhynchus gorbuscha),n/a
9110,151019,2027-06-30,SEP Community Involvement,"Community Advisor, Central W Cst of Vancouver Is: E to Nanaimo, S to Chemainus",Huu-ay-aht First Nation (Sugsaw Hatchery),Huu-ay-aht Project,48.80646,-125.11438,Coho salmon (Oncorhynchus kisutch),n/a
9870,151018,2027-06-30,SEP Community Involvement,"Community Advisor, Central Interior: Boston Bar to 100 Mile House",N'Quatqua First Nation,N Quatqua Hatchery,50.54725,-122.47258,Chinook salmon (Oncorhynchus tshawytscha),1. SEP Enhancement stock must be clearly identified and kept segregated at all times from other fish populations in the same facility.
10170,151017,2027-06-30,SEP Community Involvement,"Community Advisor, Central Interior: North of 100 Mile House, and NE B.C.",Takla Nation,Takla HIB,55.4834,-125.978,Sockeye salmon (Oncorhynchus nerka),n/a
10190,151016,2027-06-30,SEP Community Involvement,"Community Advisor, Central Interior: North of 100 Mile House, and NE B.C.",Nak'azdli Whut'en,Nak'azdli HIB,54.44993333,-124.2647833,Sockeye salmon (Oncorhynchus nerka),n/a
10370,151170,2027-06-30,SEP Community Involvement,"Community Advisor, Central W Cst of Vancouver Is: E to Nanaimo, S to Chemainus",Maaqutusiis Hahoulthee Stewardship Society,Ahousaht HIB,49.27737,-126.0628,Chum Salmon (Oncorhynchus keta),"1. The license holder will ensure that all effluent from the facility will be filtered to remove solid waste, prior to discharge."
10410,151088,2027-06-30,SEP Community Involvement,"Community Advisor, North Side Fraser River, Burnaby to Mission",Kwikwetlem First Nation,Kwikwetlem Sockeye Hatchery,49.340785,-122.772002,Sockeye salmon (Oncorhynchus nerka),n/a
10450,151021,2027-06-30,SEP Community Involvement,"Community Advisor, Central Interior: North of 100 Mile House, and NE B.C.",Tsilhqotin National Government,Tsilhqot'in HIB,51.92005,-123.0439333,Chinook salmon (Oncorhynchus tshawytscha),n/a
14110,150972,2027-06-18,Recreational Stocking,Okanagan Nation Aquatic Enterprises Ltd.,n/a,Okanagan Correctional Center,49.2257,-119.5349998,"Chinook salmon (Oncorhynchus tshawytscha), Sockeye salmon (Oncorhynchus nerka)","1. This facility must only culture a single species at any given time. 2. The licence holder shall only release salmon cultured at this facility into the following locations: Penticton Canal (Shingle Creek); the Okanagan River below (south) of Okanagan Falls Dam; and/or Osoyoos Lake. Any release above (north) of the Okanagan Lake Dam / Penticton Dam is not permitted under this licence. 3. All releases of S1 salmon from this facility must receive a separate authorization by the BC Introductions and Transfers Committee. S1 salmon is defined as salmon smolts that are physiologically adapted for transition from freshwater to seawater in the spring after one summer spent in freshwater. 4. All other releases of salmon stocks not referenced in site specific condition 3 may be released in accordance with the conditions of licence (Section 6. Release of Fish) provided that; in the past 90 days, there has not been any suspected or active disease occurrence within the facility that required veterinary intervention."
14211,152630,2027-06-18,Recreational Stocking,FFSBC,n/a,Old Site for Vancouver Island Trout Hatchery,48.770046,-123.687288,"Rainbow trout (Oncorhynchus mykiss), Kokanee (Oncorhynchus nerka), Coastal And Anadromous Cutthroat Trout (Oncorhynchus clarkii clarkii)",n/a
14230,152570,2027-06-18,Recreational Stocking,FFSBC,n/a,Skaha Rearing Ponds,49.35501,-119.8521083,Rainbow trout (Oncorhynchus mykiss),n/a
